Damping Factor (α),Pearson Correlation
0.15,0.7857552818011269
0.25,0.7687593484228276
0.35,0.745674056530342
0.45000000000000007,0.732333143651884
0.55,0.7127902163977525
0.65,0.6888795163570951
0.7500000000000001,0.6742146396063748
0.8500000000000001,0.5541540806284978
0.9500000000000001,0.6400480319936713
