Damping Factor,Pearson Correlation
0.15,0.78897
0.25,0.77281
0.35,0.75017
0.45,0.72708
0.55,0.70591
0.65,0.68256
0.75,0.67537
0.85,0.55209
0.95,0.64107
