Damping Factor,Pearson Correlation
0.15,0.78576
0.25,0.76876
0.35,0.74567
0.45,0.73233
0.55,0.71279
0.65,0.68888
0.75,0.67421
0.85,0.55415
0.95,0.64005
